Voltage,Current,Temp,Avg_Volt,Avg_Current,SOC,Voltage_dup
3.335,11.624,1.179,3.33,11.654,20.6437641,3.335
3.3286,11.702,1.213,3.33,11.654,20.63097948,3.3286
3.3365,11.615,1.229,3.33,11.654,20.63130337,3.3365
3.3452,11.58,1.222,3.33,11.654,20.65125435,3.3452
3.3277,11.572,1.23,3.33,11.654,20.62810588,3.3277
3.3277,11.68,1.198,3.33,11.654,20.65642673,3.3277
3.3458,11.586,1.187,3.33,11.654,20.63099379,3.3458
3.3377,11.738,1.248,3.33,11.654,20.64638392,3.3377
3.3253,11.546,1.214,3.33,11.654,20.63671382,3.3253
3.3354,11.735,1.218,3.33,11.654,20.64603187,3.3354
3.3254,11.661,1.252,3.33,11.654,20.63455886,3.3254
3.3253,11.645,1.239,3.33,11.654,20.63837207,3.3253
3.3324,11.623,1.24,3.33,11.654,20.64040919,3.3324
3.3109,11.67,1.277,3.33,11.654,20.62997813,3.3109
3.3128,11.648,1.223,3.33,11.654,20.64740824,3.3128
3.3244,11.705,1.257,3.33,11.654,20.63486786,3.3244
3.3199,11.656,1.242,3.33,11.654,20.637714,3.3199
3.3331,11.658,1.249,3.33,11.654,20.63005651,3.3331
3.3209,11.632,1.277,3.33,11.654,20.61437666,3.3209
3.3159,11.647,1.259,3.33,11.654,20.63808972,3.3159
3.3447,11.665,1.262,3.33,11.654,20.66412615,3.3447
3.3277,11.564,1.276,3.33,11.654,20.64784604,3.3277
3.3307,11.583,1.249,3.33,11.654,20.6398074,3.3307
3.3158,11.687,1.242,3.33,11.654,20.63737109,3.3158
3.3246,11.659,1.241,3.33,11.654,20.64022466,3.3246
3.3311,11.641,1.225,3.33,11.654,20.64547119,3.3311
3.3185,11.651,1.308,3.33,11.654,20.62819187,3.3185
3.3338,11.667,1.247,3.33,11.654,20.65114322,3.3338
3.324,11.623,1.268,3.33,11.654,20.64715381,3.324
3.3271,11.611,1.269,3.33,11.654,20.64718186,3.3271
3.324,11.66,1.283,3.33,11.654,20.64438476,3.324
3.3485,11.601,1.296,3.33,11.654,20.64019617,3.3485
3.3299,11.67,1.3,3.33,11.654,20.64672861,3.3299
3.3194,11.565,1.273,3.33,11.654,20.64591814,3.3194
3.3382,11.701,1.284,3.33,11.654,20.63645959,3.3382
3.3178,11.674,1.296,3.33,11.654,20.63426398,3.3178
3.3321,11.663,1.288,3.33,11.654,20.64101856,3.3321
3.3104,11.699,1.327,3.33,11.654,20.6554902,3.3104
3.3167,11.733,1.308,3.33,11.654,20.62760893,3.3167
3.332,11.701,1.315,3.33,11.654,20.62532475,3.332
3.3374,11.558,1.316,3.33,11.654,20.64164761,3.3374
3.3317,11.586,1.329,3.33,11.654,20.64050888,3.3317
3.3288,11.619,1.312,3.33,11.654,20.64173342,3.3288
3.327,11.651,1.285,3.33,11.654,20.64243953,3.327
3.3152,11.676,1.321,3.33,11.654,20.63776798,3.3152
3.3228,11.614,1.303,3.33,11.654,20.65489863,3.3228
3.3254,11.659,1.308,3.33,11.654,20.62399096,3.3254
3.3406,11.612,1.333,3.33,11.654,20.63171503,3.3406
3.3334,11.619,1.348,3.33,11.654,20.63896745,3.3334
3.3124,11.58,1.327,3.33,11.654,20.62356811,3.3124
3.3332,11.604,1.335,3.33,11.654,20.63824146,3.3332
3.3261,11.582,1.365,3.33,11.654,20.6566147,3.3261
3.3232,11.601,1.339,3.33,11.654,20.64020886,3.3232
3.3361,11.703,1.389,3.33,11.654,20.64230701,3.3361
3.3403,11.603,1.35,3.33,11.654,20.62739835,3.3403
3.3393,11.782,1.306,3.33,11.654,20.63383639,3.3393
3.3216,11.675,1.359,3.33,11.654,20.63624804,3.3216
3.3269,11.659,1.354,3.33,11.654,20.63682285,3.3269
3.3333,11.607,1.375,3.33,11.654,20.65281644,3.3333
3.3398,11.685,1.365,3.33,11.654,20.64557691,3.3398
3.3252,11.621,1.352,3.33,11.654,20.62888542,3.3252
3.3281,11.656,1.333,3.33,11.654,20.64246505,3.3281
3.3189,11.778,1.355,3.33,11.654,20.64498222,3.3189
3.318,11.645,1.345,3.33,11.654,20.65140149,3.318
3.3381,11.707,1.353,3.33,11.654,20.65580541,3.3381
3.3436,11.615,1.379,3.33,11.654,20.62984906,3.3436
3.3293,11.648,1.403,3.33,11.654,20.63189142,3.3293
3.34,11.739,1.38,3.33,11.654,20.62742422,3.34
3.3336,11.619,1.351,3.33,11.654,20.6376598,3.3336
3.3235,11.741,1.387,3.33,11.654,20.64466358,3.3235
3.3336,11.685,1.404,3.33,11.654,20.64987335,3.3336
3.3454,11.622,1.371,3.33,11.654,20.63924049,3.3454
3.3296,11.682,1.383,3.33,11.654,20.63680152,3.3296
3.3456,11.699,1.388,3.33,11.654,20.64151758,3.3456
3.3038,11.681,1.375,3.33,11.654,20.63164857,3.3038
3.3382,11.571,1.406,3.33,11.654,20.66089539,3.3382
3.3309,11.614,1.393,3.33,11.654,20.62392339,3.3309
3.327,11.638,1.407,3.33,11.654,20.64184741,3.327
3.3309,11.646,1.383,3.33,11.654,20.66023606,3.3309
3.3101,11.681,1.395,3.33,11.654,20.640068,3.3101
3.3278,11.659,1.42,3.33,11.654,20.63809961,3.3278
3.3336,11.583,1.401,3.33,11.654,20.63642555,3.3336
3.3448,11.669,1.446,3.33,11.654,20.63819608,3.3448
3.3248,11.681,1.406,3.33,11.654,20.65372848,3.3248
3.3219,11.678,1.421,3.33,11.654,20.61788138,3.3219
3.325,11.704,1.438,3.33,11.654,20.65533434,3.325
3.3392,11.692,1.393,3.33,11.654,20.62576043,3.3392
3.3333,11.673,1.389,3.33,11.654,20.63733348,3.3333
3.3247,11.646,1.396,3.33,11.654,20.63570756,3.3247
3.3351,11.567,1.454,3.33,11.654,20.64588553,3.3351
3.331,11.671,1.421,3.33,11.654,20.62401876,3.331
3.3397,11.66,1.485,3.33,11.654,20.64462173,3.3397
3.323,11.664,1.426,3.33,11.654,20.6602431,3.323
3.3267,11.586,1.443,3.33,11.654,20.62636826,3.3267
3.3261,11.596,1.473,3.33,11.654,20.64189706,3.3261
3.3154,11.703,1.485,3.33,11.654,20.63338018,3.3154
3.333,11.648,1.488,3.33,11.654,20.64425887,3.333
3.3326,11.684,1.474,3.33,11.654,20.64019148,3.3326
3.3301,11.651,1.473,3.33,11.654,20.63358513,3.3301
3.3277,11.651,1.467,3.33,11.654,20.64487872,3.3277
3.3158,11.697,1.473,3.33,11.654,20.65804348,3.3158
3.3258,11.624,1.449,3.33,11.654,20.63809096,3.3258
3.3266,11.655,1.446,3.33,11.654,20.64719758,3.3266
3.322,11.627,1.465,3.33,11.654,20.62706727,3.322
3.3284,11.628,1.464,3.33,11.654,20.63043564,3.3284
3.334,11.635,1.461,3.33,11.654,20.64472406,3.334
3.3489,11.661,1.487,3.33,11.654,20.65484116,3.3489
3.3317,11.626,1.495,3.33,11.654,20.64355613,3.3317
3.3326,11.713,1.48,3.33,11.654,20.63686942,3.3326
3.3293,11.605,1.51,3.33,11.654,20.63999291,3.3293
3.3108,11.641,1.46,3.33,11.654,20.62749592,3.3108
3.3297,11.628,1.482,3.33,11.654,20.64604515,3.3297
3.3306,11.722,1.474,3.33,11.654,20.64882333,3.3306
3.3546,11.66,1.454,3.33,11.654,20.6354791,3.3546
3.3281,11.702,1.492,3.33,11.654,20.63529958,3.3281
3.333,11.576,1.494,3.33,11.654,20.64265878,3.333
3.3297,11.663,1.529,3.33,11.654,20.6356328,3.3297
3.3183,11.694,1.514,3.33,11.654,20.63933867,3.3183
3.3414,11.654,1.483,3.33,11.654,20.66099722,3.3414
3.3375,11.703,1.544,3.33,11.654,20.63752974,3.3375
3.3379,11.624,1.533,3.33,11.654,20.6364166,3.3379
3.3209,11.72,1.523,3.33,11.654,20.63352458,3.3209
3.344,11.765,1.51,3.33,11.654,20.64744192,3.344
3.316,11.632,1.498,3.33,11.654,20.63818776,3.316
3.3359,11.628,1.512,3.33,11.654,20.63350627,3.3359
3.3519,11.723,1.544,3.33,11.654,20.65321304,3.3519
3.3201,11.729,1.562,3.33,11.654,20.65419603,3.3201
3.3243,11.624,1.558,3.33,11.654,20.63399576,3.3243
3.331,11.629,1.52,3.33,11.654,20.6213346,3.331
3.325,11.636,1.51,3.33,11.654,20.65007514,3.325
3.3145,11.583,1.538,3.33,11.654,20.6331537,3.3145
3.3307,11.604,1.502,3.33,11.654,20.64790626,3.3307
3.3194,11.6,1.546,3.33,11.654,20.62029896,3.3194
3.3347,11.612,1.54,3.33,11.654,20.64892597,3.3347
3.3208,11.648,1.536,3.33,11.654,20.62788828,3.3208
3.3455,11.662,1.516,3.33,11.654,20.64730764,3.3455
3.3222,11.728,1.56,3.33,11.654,20.64014273,3.3222
3.3268,11.6,1.542,3.33,11.654,20.63046061,3.3268
3.3381,11.699,1.532,3.33,11.654,20.63592964,3.3381
3.3177,11.639,1.5,3.33,11.654,20.64686318,3.3177
3.3323,11.648,1.56,3.33,11.654,20.64105894,3.3323
3.3431,11.684,1.599,3.33,11.654,20.64584413,3.3431
3.3139,11.594,1.599,3.33,11.654,20.65976441,3.3139
3.3318,11.669,1.559,3.33,11.654,20.62435758,3.3318
3.3326,11.658,1.559,3.33,11.654,20.65617213,3.3326
3.3378,11.675,1.583,3.33,11.654,20.64104356,3.3378
3.3176,11.664,1.556,3.33,11.654,20.63101216,3.3176
3.3168,11.773,1.585,3.33,11.654,20.62669686,3.3168
3.3352,11.618,1.596,3.33,11.654,20.6381088,3.3352
3.333,11.623,1.608,3.33,11.654,20.6492165,3.333
3.3325,11.619,1.584,3.33,11.654,20.63872451,3.3325
3.3335,11.622,1.585,3.33,11.654,20.65511155,3.3335
3.3232,11.618,1.574,3.33,11.654,20.62548824,3.3232
3.3323,11.709,1.577,3.33,11.654,20.63987911,3.3323
3.3329,11.721,1.592,3.33,11.654,20.62747607,3.3329
3.3229,11.621,1.606,3.33,11.654,20.64363632,3.3229
3.3487,11.608,1.62,3.33,11.654,20.64886887,3.3487
3.3347,11.674,1.588,3.33,11.654,20.63579238,3.3347
3.3181,11.622,1.637,3.33,11.654,20.61395786,3.3181
3.3366,11.682,1.604,3.33,11.654,20.64198948,3.3366
3.3203,11.66,1.612,3.33,11.654,20.64436739,3.3203
3.3379,11.574,1.6,3.33,11.654,20.64404295,3.3379
3.3416,11.727,1.569,3.33,11.654,20.65235782,3.3416
3.3218,11.74,1.637,3.33,11.654,20.62928946,3.3218
3.3396,11.619,1.637,3.33,11.654,20.64680216,3.3396
3.3341,11.631,1.619,3.33,11.654,20.65192508,3.3341
3.3382,11.664,1.629,3.33,11.654,20.62221412,3.3382
3.349,11.667,1.64,3.33,11.654,20.64319652,3.349
3.3275,11.683,1.601,3.33,11.654,20.6349582,3.3275
3.3225,11.751,1.625,3.33,11.654,20.63918477,3.3225
3.3211,11.641,1.654,3.33,11.654,20.64347676,3.3211
3.3218,11.61,1.615,3.33,11.654,20.63512771,3.3218
3.3292,11.581,1.649,3.33,11.654,20.63324292,3.3292
3.3334,11.613,1.618,3.33,11.654,20.64034152,3.3334
3.3328,11.648,1.657,3.33,11.654,20.62912754,3.3328
3.3383,11.74,1.65,3.33,11.654,20.62914175,3.3383
3.3301,11.624,1.621,3.33,11.654,20.64679373,3.3301
3.3445,11.661,1.679,3.33,11.654,20.62851206,3.3445
3.3274,11.649,1.644,3.33,11.654,20.64666313,3.3274
3.3572,11.709,1.645,3.33,11.654,20.64462591,3.3572
3.3363,11.776,1.668,3.33,11.654,20.62274193,3.3363
3.3214,11.623,1.689,3.33,11.654,20.63322435,3.3214
3.3193,11.626,1.648,3.33,11.654,20.65194109,3.3193
3.3348,11.702,1.672,3.33,11.654,20.63018834,3.3348
3.3278,11.684,1.682,3.33,11.654,20.63535596,3.3278
3.3371,11.742,1.69,3.33,11.654,20.64462061,3.3371
3.3347,11.679,1.682,3.33,11.654,20.64783391,3.3347
3.3293,11.632,1.674,3.33,11.654,20.63748461,3.3293
3.3215,11.68,1.668,3.33,11.654,20.6340249,3.3215
3.3149,11.705,1.688,3.33,11.654,20.6542237,3.3149
3.3255,11.691,1.668,3.33,11.654,20.657389,3.3255
3.3386,11.675,1.633,3.33,11.654,20.64978858,3.3386
3.3321,11.703,1.703,3.33,11.654,20.64085318,3.3321
3.3175,11.708,1.715,3.33,11.654,20.63191734,3.3175
3.3317,11.719,1.652,3.33,11.654,20.63169556,3.3317
3.3339,11.682,1.682,3.33,11.654,20.64522514,3.3339
3.3212,11.642,1.717,3.33,11.654,20.64418398,3.3212
3.3315,11.657,1.748,3.33,11.654,20.65401599,3.3315
3.3306,11.71,1.71,3.33,11.654,20.6465045,3.3306
3.3186,11.609,1.698,3.33,11.654,20.6249692,3.3186
3.3336,11.668,1.711,3.33,11.654,20.65051948,3.3336
3.3356,11.63,1.745,3.33,11.654,20.63001939,3.3356
3.3408,11.651,1.707,3.33,11.654,20.63616029,3.3408
3.3405,11.714,1.707,3.33,11.654,20.642502,3.3405
3.3162,11.66,1.716,3.33,11.654,20.65995667,3.3162
3.3206,11.652,1.709,3.33,11.654,20.67109919,3.3206
3.3352,11.582,1.733,3.33,11.654,20.64606723,3.3352
3.3351,11.687,1.766,3.33,11.654,20.63816803,3.3351
3.3352,11.682,1.742,3.33,11.654,20.64534506,3.3352
3.3685,11.758,1.733,3.33,11.654,20.64887655,3.3685
3.3357,11.635,1.735,3.33,11.654,20.63679332,3.3357
3.3414,11.661,1.712,3.33,11.654,20.65795211,3.3414
3.3395,11.662,1.764,3.33,11.654,20.64230071,3.3395
3.3365,11.729,1.747,3.33,11.654,20.64497743,3.3365
3.3268,11.645,1.747,3.33,11.654,20.64665924,3.3268
3.3376,11.664,1.818,3.33,11.654,20.64421587,3.3376
3.3223,11.68,1.762,3.33,11.654,20.64838941,3.3223
3.3276,11.659,1.744,3.33,11.654,20.63382747,3.3276
3.3251,11.628,1.753,3.33,11.654,20.63441698,3.3251
3.3308,11.66,1.787,3.33,11.654,20.62899846,3.3308
3.3531,11.704,1.769,3.33,11.654,20.64439501,3.3531
3.3113,11.599,1.74,3.33,11.654,20.64778937,3.3113
3.3369,11.657,1.79,3.33,11.654,20.64457773,3.3369
3.3139,11.615,1.761,3.33,11.654,20.65674492,3.3139
3.3253,11.71,1.814,3.33,11.654,20.63994404,3.3253
3.3409,11.574,1.801,3.33,11.654,20.64668742,3.3409
3.3306,11.622,1.773,3.33,11.654,20.62908299,3.3306
3.3192,11.669,1.81,3.33,11.654,20.636129,3.3192
3.3228,11.728,1.788,3.33,11.654,20.64695538,3.3228
3.3368,11.647,1.807,3.33,11.654,20.64849102,3.3368
3.3227,11.622,1.802,3.33,11.654,20.63706033,3.3227
3.3322,11.744,1.778,3.33,11.654,20.63928401,3.3322
3.3305,11.578,1.785,3.33,11.654,20.62482126,3.3305
3.3235,11.54,1.821,3.33,11.654,20.63642971,3.3235
3.3514,11.672,1.796,3.33,11.654,20.64890383,3.3514
3.3363,11.625,1.797,3.33,11.654,20.64575205,3.3363
3.3097,11.599,1.789,3.33,11.654,20.64500666,3.3097
3.3319,11.685,1.819,3.33,11.654,20.64049774,3.3319
3.3234,11.662,1.854,3.33,11.654,20.64007063,3.3234
3.3385,11.622,1.794,3.33,11.654,20.63339679,3.3385
3.3221,11.586,1.819,3.33,11.654,20.64698828,3.3221
3.3289,11.694,1.849,3.33,11.654,20.64420973,3.3289
3.335,11.683,1.822,3.33,11.654,20.64492019,3.335
3.3387,11.645,1.835,3.33,11.654,20.63473965,3.3387
3.318,11.742,1.807,3.33,11.654,20.61846657,3.318
3.3267,11.596,1.839,3.33,11.654,20.65097153,3.3267
3.3253,11.574,1.83,3.33,11.654,20.63521163,3.3253
3.3235,11.615,1.856,3.33,11.654,20.63137224,3.3235
3.3477,11.648,1.862,3.33,11.654,20.64693479,3.3477
3.334,11.662,1.893,3.33,11.654,20.63607987,3.334
3.3174,11.638,1.855,3.33,11.654,20.65059936,3.3174
3.3392,11.668,1.853,3.33,11.654,20.64617006,3.3392
3.3512,11.587,1.853,3.33,11.654,20.64683569,3.3512
3.3403,11.722,1.844,3.33,11.654,20.62634044,3.3403
3.3148,11.646,1.861,3.33,11.654,20.65211944,3.3148
3.3252,11.706,1.851,3.33,11.654,20.64261251,3.3252
3.3427,11.667,1.863,3.33,11.654,20.63630723,3.3427
3.3229,11.673,1.888,3.33,11.654,20.64143388,3.3229
3.3344,11.678,1.844,3.33,11.654,20.62223765,3.3344
3.3377,11.672,1.89,3.33,11.654,20.64408653,3.3377
3.3207,11.682,1.896,3.33,11.654,20.62970628,3.3207
3.3294,11.716,1.87,3.33,11.654,20.6264733,3.3294
3.2976,11.66,1.832,3.33,11.654,20.62477641,3.2976
3.3198,11.685,1.865,3.33,11.654,20.65112688,3.3198
3.3275,11.646,1.906,3.33,11.654,20.63370737,3.3275
3.3175,11.722,1.882,3.33,11.654,20.65533728,3.3175
3.3463,11.616,1.865,3.33,11.654,20.63464199,3.3463
3.3157,11.74,1.877,3.33,11.654,20.62292642,3.3157
3.3256,11.648,1.907,3.33,11.654,20.62883476,3.3256
3.3313,11.578,1.904,3.33,11.654,20.65235812,3.3313
3.3444,11.656,1.891,3.33,11.654,20.63844102,3.3444
3.3156,11.616,1.891,3.33,11.654,20.63451713,3.3156
3.3416,11.692,1.893,3.33,11.654,20.64160018,3.3416
3.3301,11.617,1.885,3.33,11.654,20.64501783,3.3301
3.3202,11.628,1.938,3.33,11.654,20.65117399,3.3202
3.3346,11.556,1.902,3.33,11.654,20.65448499,3.3346
3.332,11.627,1.935,3.33,11.654,20.63640231,3.332
3.324,11.529,1.944,3.33,11.654,20.62673952,3.324
3.3307,11.571,1.936,3.33,11.654,20.63586535,3.3307
3.3261,11.688,1.91,3.33,11.654,20.64260281,3.3261
3.3311,11.689,1.929,3.33,11.654,20.63036241,3.3311
3.3366,11.671,1.923,3.33,11.654,20.63042849,3.3366
3.3459,11.602,1.908,3.33,11.654,20.64343788,3.3459
3.3176,11.648,1.935,3.33,11.654,20.63951348,3.3176
3.3513,11.65,1.908,3.33,11.654,20.64032797,3.3513
3.3105,11.592,1.958,3.33,11.654,20.63241505,3.3105
3.3285,11.725,1.927,3.33,11.654,20.63769599,3.3285
3.3359,11.694,1.943,3.33,11.654,20.63075767,3.3359
3.3328,11.639,1.947,3.33,11.654,20.64890198,3.3328
3.3238,11.651,1.939,3.33,11.654,20.65035249,3.3238
3.3279,11.66,1.959,3.33,11.654,20.62153812,3.3279
3.3251,11.548,1.94,3.33,11.654,20.63070489,3.3251
3.3241,11.638,1.969,3.33,11.654,20.62503471,3.3241
3.3385,11.616,1.928,3.33,11.654,20.63349976,3.3385
3.3336,11.6,1.96,3.33,11.654,20.63916562,3.3336
3.3231,11.636,1.998,3.33,11.654,20.62550355,3.3231
3.339,11.74,1.942,3.33,11.654,20.6307814,3.339
3.3331,11.682,1.951,3.33,11.654,20.62996043,3.3331
3.3381,11.621,1.978,3.33,11.654,20.64207267,3.3381
3.3363,11.679,1.974,3.33,11.654,20.64069344,3.3363
3.3217,11.72,1.98,3.33,11.654,20.63278262,3.3217
3.3244,11.696,1.985,3.33,11.654,20.64176821,3.3244
3.3375,11.653,1.99,3.33,11.654,20.6345332,3.3375
3.3361,11.618,2.002,3.33,11.654,20.63728345,3.3361
3.3298,11.685,1.991,3.33,11.654,20.65673452,3.3298
3.3312,11.67,1.981,3.33,11.654,20.65340461,3.3312
3.3428,11.695,2.001,3.33,11.654,20.62700419,3.3428
3.3241,11.682,2.029,3.33,11.654,20.64829732,3.3241
3.3355,11.702,1.99,3.33,11.654,20.64811397,3.3355
3.328,11.623,1.976,3.33,11.654,20.62851737,3.328
3.3278,11.716,2.02,3.33,11.654,20.64818778,3.3278
3.341,11.66,1.998,3.33,11.654,20.65537932,3.341
3.3383,11.754,1.96,3.33,11.654,20.62877455,3.3383
3.3381,11.616,2.023,3.33,11.654,20.63082497,3.3381
3.3431,11.737,1.998,3.33,11.654,20.65017661,3.3431
3.3302,11.66,2.009,3.33,11.654,20.64271495,3.3302
3.3368,11.617,2.02,3.33,11.654,20.64551476,3.3368
3.3269,11.626,2.02,3.33,11.654,20.64340589,3.3269
3.3332,11.634,2.033,3.33,11.654,20.64390696,3.3332
3.3287,11.671,2.013,3.33,11.654,20.62673528,3.3287
3.331,11.676,2.034,3.33,11.654,20.65047318,3.331
3.336,11.621,2.021,3.33,11.654,20.6516959,3.336
3.3218,11.649,2.044,3.33,11.654,20.63770609,3.3218
3.3509,11.757,2.044,3.33,11.654,20.63956523,3.3509
3.3199,11.736,2.016,3.33,11.654,20.62468892,3.3199
3.3179,11.672,2.059,3.33,11.654,20.64514255,3.3179
3.3416,11.652,2.029,3.33,11.654,20.64572057,3.3416
3.3379,11.656,2.058,3.33,11.654,20.63937809,3.3379
3.3362,11.681,2.052,3.33,11.654,20.65124353,3.3362
3.3363,11.599,2.084,3.33,11.654,20.63665923,3.3363
3.3299,11.637,2.045,3.33,11.654,20.64564606,3.3299
3.321,11.567,2.045,3.33,11.654,20.62980336,3.321
3.3308,11.67,2.055,3.33,11.654,20.63976448,3.3308
3.3232,11.682,2.051,3.33,11.654,20.63825646,3.3232
3.3398,11.626,2.076,3.33,11.654,20.64225308,3.3398
3.3285,11.729,2.03,3.33,11.654,20.63630473,3.3285
3.3217,11.589,2.044,3.33,11.654,20.63868527,3.3217
3.3268,11.577,2.046,3.33,11.654,20.64826047,3.3268
3.3341,11.661,2.089,3.33,11.654,20.63563236,3.3341
3.3244,11.702,2.107,3.33,11.654,20.62393423,3.3244
3.3218,11.734,2.073,3.33,11.654,20.65749584,3.3218
3.3324,11.627,2.075,3.33,11.654,20.65381454,3.3324
3.3324,11.704,2.082,3.33,11.654,20.62707737,3.3324
3.3249,11.648,2.106,3.33,11.654,20.64689708,3.3249
3.3253,11.641,2.067,3.33,11.654,20.63497025,3.3253
3.3323,11.694,2.093,3.33,11.654,20.64263487,3.3323
3.3155,11.683,2.11,3.33,11.654,20.64294224,3.3155
3.3159,11.571,2.104,3.33,11.654,20.63765592,3.3159
3.3228,11.724,2.1,3.33,11.654,20.63216234,3.3228
3.3279,11.719,2.119,3.33,11.654,20.63309459,3.3279
3.3331,11.619,2.047,3.33,11.654,20.63083808,3.3331
3.3448,11.67,2.117,3.33,11.654,20.63168178,3.3448
3.3386,11.675,2.093,3.33,11.654,20.63932822,3.3386
3.3284,11.663,2.072,3.33,11.654,20.6328424,3.3284
3.3298,11.622,2.122,3.33,11.654,20.64682052,3.3298
3.32,11.616,2.142,3.33,11.654,20.65487246,3.32
3.3298,11.649,2.114,3.33,11.654,20.63419947,3.3298
3.3271,11.709,2.138,3.33,11.654,20.64239405,3.3271
3.3332,11.677,2.154,3.33,11.654,20.64499685,3.3332
3.3217,11.631,2.151,3.33,11.654,20.64472002,3.3217
3.3352,11.689,2.16,3.33,11.654,20.64075955,3.3352
3.3453,11.508,2.144,3.33,11.654,20.64742682,3.3453
3.3289,11.707,2.134,3.33,11.654,20.64482249,3.3289
3.334,11.563,2.103,3.33,11.654,20.62762338,3.334
3.3369,11.632,2.132,3.33,11.654,20.64869156,3.3369
3.326,11.594,2.123,3.33,11.654,20.64887291,3.326
3.3322,11.585,2.186,3.33,11.654,20.63236714,3.3322
3.3301,11.708,2.142,3.33,11.654,20.64037938,3.3301
3.331,11.627,2.15,3.33,11.654,20.64683329,3.331
3.3223,11.667,2.161,3.33,11.654,20.63790686,3.3223
3.3302,11.648,2.154,3.33,11.654,20.65072978,3.3302
3.335,11.674,2.189,3.33,11.654,20.66363872,3.335
3.3445,11.654,2.145,3.33,11.654,20.63214014,3.3445
3.3396,11.586,2.164,3.33,11.654,20.62618955,3.3396
3.3515,11.7,2.148,3.33,11.654,20.64303819,3.3515
3.3223,11.625,2.139,3.33,11.654,20.64721563,3.3223
3.3387,11.572,2.156,3.33,11.654,20.63769134,3.3387
3.3318,11.629,2.17,3.33,11.654,20.65453261,3.3318
3.3519,11.725,2.165,3.33,11.654,20.62661394,3.3519
3.3219,11.693,2.162,3.33,11.654,20.64692919,3.3219
3.3216,11.633,2.15,3.33,11.654,20.63394139,3.3216
3.324,11.633,2.179,3.33,11.654,20.65719378,3.324
3.3088,11.634,2.154,3.33,11.654,20.65992515,3.3088
3.3247,11.754,2.201,3.33,11.654,20.63233343,3.3247
3.3224,11.669,2.19,3.33,11.654,20.63450443,3.3224
3.3315,11.672,2.162,3.33,11.654,20.64859588,3.3315
3.3334,11.702,2.188,3.33,11.654,20.63612869,3.3334
3.3488,11.662,2.182,3.33,11.654,20.63954589,3.3488
3.3395,11.637,2.206,3.33,11.654,20.64025388,3.3395
3.3242,11.64,2.229,3.33,11.654,20.62080327,3.3242
3.321,11.646,2.167,3.33,11.654,20.63986162,3.321
3.3349,11.648,2.209,3.33,11.654,20.63310272,3.3349
3.3168,11.686,2.206,3.33,11.654,20.63506877,3.3168
3.3483,11.653,2.225,3.33,11.654,20.65443632,3.3483
3.3418,11.687,2.219,3.33,11.654,20.62743493,3.3418
3.3253,11.646,2.202,3.33,11.654,20.64813205,3.3253
3.3129,11.654,2.213,3.33,11.654,20.63721037,3.3129
3.3435,11.55,2.206,3.33,11.654,20.6372024,3.3435
3.3289,11.696,2.246,3.33,11.654,20.64790372,3.3289
3.3424,11.667,2.228,3.33,11.654,20.64340051,3.3424
3.3141,11.7,2.268,3.33,11.654,20.64570613,3.3141
3.324,11.505,2.231,3.33,11.654,20.64968185,3.324
3.3301,11.754,2.221,3.33,11.654,20.63668692,3.3301
3.3305,11.643,2.207,3.33,11.654,20.63387763,3.3305
3.3255,11.705,2.204,3.33,11.654,20.62914849,3.3255
3.3362,11.598,2.211,3.33,11.654,20.63174589,3.3362
3.3193,11.681,2.251,3.33,11.654,20.66949094,3.3193
3.3286,11.597,2.258,3.33,11.654,20.6524468,3.3286
3.3312,11.619,2.219,3.33,11.654,20.62648926,3.3312
3.3351,11.746,2.271,3.33,11.654,20.62677542,3.3351
3.3371,11.64,2.246,3.33,11.654,20.64481866,3.3371
3.3188,11.661,2.261,3.33,11.654,20.64547265,3.3188
3.3147,11.694,2.293,3.33,11.654,20.64548884,3.3147
3.3428,11.675,2.281,3.33,11.654,20.63745044,3.3428
3.3333,11.658,2.261,3.33,11.654,20.63874546,3.3333
3.3225,11.668,2.251,3.33,11.654,20.6432788,3.3225
3.3455,11.77,2.228,3.33,11.654,20.64085893,3.3455
3.3312,11.647,2.259,3.33,11.654,20.617807,3.3312
3.3418,11.66,2.272,3.33,11.654,20.637702,3.3418
3.3307,11.703,2.259,3.33,11.654,20.63148594,3.3307
3.3506,11.705,2.279,3.33,11.654,20.64175211,3.3506
3.3476,11.709,2.286,3.33,11.654,20.66985259,3.3476
3.3275,11.682,2.282,3.33,11.654,20.64367482,3.3275
3.3397,11.593,2.276,3.33,11.654,20.6368647,3.3397
3.3365,11.732,2.295,3.33,11.654,20.64921802,3.3365
3.3437,11.593,2.303,3.33,11.654,20.64482688,3.3437
3.3204,11.665,2.275,3.33,11.654,20.64420094,3.3204
3.3369,11.612,2.328,3.33,11.654,20.64606851,3.3369
3.3406,11.647,2.3,3.33,11.654,20.66056544,3.3406
3.3124,11.666,2.305,3.33,11.654,20.62869112,3.3124
3.3182,11.666,2.321,3.33,11.654,20.64473632,3.3182
3.3096,11.671,2.315,3.33,11.654,20.63073619,3.3096
3.3273,11.731,2.332,3.33,11.654,20.64555513,3.3273
3.3372,11.673,2.321,3.33,11.654,20.63081313,3.3372
3.345,11.638,2.305,3.33,11.654,20.63582633,3.345
3.3307,11.698,2.327,3.33,11.654,20.6370491,3.3307
3.3463,11.709,2.3,3.33,11.654,20.64975817,3.3463
3.3162,11.589,2.327,3.33,11.654,20.64918454,3.3162
3.313,11.68,2.327,3.33,11.654,20.62754283,3.313
3.3294,11.685,2.326,3.33,11.654,20.64054934,3.3294
3.3338,11.635,2.33,3.33,11.654,20.6329042,3.3338
3.3297,11.719,2.298,3.33,11.654,20.62741495,3.3297
3.3093,11.642,2.327,3.33,11.654,20.63782983,3.3093
3.3291,11.656,2.343,3.33,11.654,20.63691517,3.3291
3.317,11.641,2.347,3.33,11.654,20.66426716,3.317
3.3367,11.651,2.325,3.33,11.654,20.6443296,3.3367
3.3337,11.595,2.374,3.33,11.654,20.62622382,3.3337
3.3206,11.578,2.334,3.33,11.654,20.63435226,3.3206
3.3249,11.73,2.373,3.33,11.654,20.65021383,3.3249
3.3194,11.608,2.365,3.33,11.654,20.66088443,3.3194
3.3294,11.6,2.346,3.33,11.654,20.62414017,3.3294
3.3396,11.542,2.397,3.33,11.654,20.62120076,3.3396
3.3201,11.618,2.34,3.33,11.654,20.65870965,3.3201
3.335,11.584,2.385,3.33,11.654,20.64389614,3.335
3.3247,11.732,2.389,3.33,11.654,20.63131707,3.3247
3.3221,11.7,2.358,3.33,11.654,20.64534629,3.3221
3.3289,11.616,2.402,3.33,11.654,20.61364252,3.3289
3.3196,11.763,2.372,3.33,11.654,20.64003376,3.3196
3.3245,11.699,2.385,3.33,11.654,20.64327821,3.3245
3.318,11.634,2.387,3.33,11.654,20.6492427,3.318
3.3496,11.525,2.382,3.33,11.654,20.62986104,3.3496
3.3304,11.765,2.403,3.33,11.654,20.64085687,3.3304
3.323,11.581,2.406,3.33,11.654,20.63074575,3.323
3.3321,11.568,2.357,3.33,11.654,20.64255384,3.3321
3.3289,11.701,2.421,3.33,11.654,20.63104654,3.3289
3.3278,11.772,2.364,3.33,11.654,20.63591899,3.3278
3.3361,11.719,2.421,3.33,11.654,20.63004185,3.3361
3.3376,11.678,2.425,3.33,11.654,20.64651136,3.3376
3.3247,11.68,2.383,3.33,11.654,20.64858451,3.3247
3.3242,11.693,2.4,3.33,11.654,20.63765379,3.3242
3.3272,11.688,2.388,3.33,11.654,20.64038238,3.3272
3.307,11.664,2.409,3.33,11.654,20.62551409,3.307
3.3148,11.655,2.409,3.33,11.654,20.63700323,3.3148
3.3437,11.647,2.434,3.33,11.654,20.63949795,3.3437
3.3464,11.612,2.447,3.33,11.654,20.66620793,3.3464
3.3275,11.636,2.451,3.33,11.654,20.62888033,3.3275
3.3358,11.565,2.415,3.33,11.654,20.65464177,3.3358
3.3331,11.645,2.424,3.33,11.654,20.64996859,3.3331
3.3608,11.601,2.397,3.33,11.654,20.64280636,3.3608
3.3412,11.595,2.417,3.33,11.654,20.6575862,3.3412
3.3287,11.659,2.455,3.33,11.654,20.64372105,3.3287
3.3204,11.72,2.471,3.33,11.654,20.64389159,3.3204
3.3139,11.696,2.417,3.33,11.654,20.63946879,3.3139
3.332,11.571,2.432,3.33,11.654,20.65223569,3.332
3.3224,11.601,2.446,3.33,11.654,20.65096469,3.3224
3.3158,11.697,2.455,3.33,11.654,20.63374323,3.3158
3.3235,11.601,2.435,3.33,11.654,20.62680753,3.3235
3.3192,11.639,2.463,3.33,11.654,20.63797019,3.3192
3.3469,11.678,2.447,3.33,11.654,20.63199961,3.3469
3.3388,11.602,2.459,3.33,11.654,20.63936475,3.3388
3.3299,11.655,2.473,3.33,11.654,20.65237438,3.3299
3.3448,11.583,2.465,3.33,11.654,20.63542698,3.3448
3.3308,11.62,2.458,3.33,11.654,20.63957177,3.3308
3.3214,11.666,2.467,3.33,11.654,20.64058023,3.3214
3.3452,11.57,2.47,3.33,11.654,20.64848431,3.3452
3.3354,11.672,2.467,3.33,11.654,20.61753111,3.3354
3.3196,11.649,2.472,3.33,11.654,20.633933,3.3196
3.3281,11.678,2.512,3.33,11.654,20.64211284,3.3281
3.3212,11.661,2.494,3.33,11.654,20.65200079,3.3212
3.3162,11.718,2.479,3.33,11.654,20.63508098,3.3162
3.3393,11.656,2.501,3.33,11.654,20.62123447,3.3393
3.3491,11.629,2.483,3.33,11.654,20.64619711,3.3491
3.316,11.656,2.516,3.33,11.654,20.63364638,3.316
3.3356,11.677,2.503,3.33,11.654,20.62810333,3.3356
3.3235,11.652,2.496,3.33,11.654,20.63375655,3.3235
3.3251,11.652,2.509,3.33,11.654,20.63815475,3.3251
3.3241,11.615,2.472,3.33,11.654,20.63395255,3.3241
3.3214,11.617,2.483,3.33,11.654,20.61794434,3.3214
3.3305,11.58,2.484,3.33,11.654,20.64897066,3.3305
3.3217,11.737,2.514,3.33,11.654,20.65274875,3.3217
3.3327,11.588,2.548,3.33,11.654,20.64651522,3.3327
3.3295,11.615,2.561,3.33,11.654,20.62862314,3.3295
3.3276,11.614,2.531,3.33,11.654,20.63798508,3.3276
3.3209,11.695,2.531,3.33,11.654,20.63993479,3.3209
3.3242,11.635,2.488,3.33,11.654,20.64598794,3.3242
3.3376,11.712,2.515,3.33,11.654,20.6466834,3.3376
3.335,11.616,2.513,3.33,11.654,20.63265826,3.335
3.3202,11.664,2.519,3.33,11.654,20.64081996,3.3202
3.331,11.608,2.531,3.33,11.654,20.6445728,3.331
3.3375,11.757,2.527,3.33,11.654,20.65455822,3.3375
3.3133,11.591,2.499,3.33,11.654,20.64704507,3.3133
3.3354,11.665,2.557,3.33,11.654,20.64789057,3.3354
3.3234,11.682,2.523,3.33,11.654,20.64083827,3.3234
3.3357,11.671,2.552,3.33,11.654,20.65410459,3.3357
3.3224,11.641,2.591,3.33,11.654,20.64409763,3.3224
3.312,11.644,2.534,3.33,11.654,20.63138912,3.312
3.3137,11.652,2.504,3.33,11.654,20.6540337,3.3137
3.3305,11.643,2.551,3.33,11.654,20.64697903,3.3305
3.3326,11.698,2.582,3.33,11.654,20.63556956,3.3326
3.321,11.761,2.601,3.33,11.654,20.63520507,3.321
3.3364,11.622,2.54,3.33,11.654,20.64296576,3.3364
3.3134,11.582,2.577,3.33,11.654,20.64463185,3.3134
3.3293,11.646,2.561,3.33,11.654,20.64197292,3.3293
3.3179,11.779,2.57,3.33,11.654,20.64311309,3.3179
3.3235,11.61,2.628,3.33,11.654,20.65699957,3.3235
3.3305,11.732,2.548,3.33,11.654,20.65071543,3.3305
3.3214,11.734,2.585,3.33,11.654,20.64190636,3.3214
3.3262,11.622,2.592,3.33,11.654,20.64941311,3.3262
3.3401,11.678,2.607,3.33,11.654,20.62967476,3.3401
3.3242,11.731,2.59,3.33,11.654,20.64397927,3.3242
3.3384,11.631,2.597,3.33,11.654,20.65809306,3.3384
3.3187,11.64,2.585,3.33,11.654,20.63781954,3.3187
3.3353,11.621,2.601,3.33,11.654,20.63152366,3.3353
3.3444,11.599,2.591,3.33,11.654,20.63347911,3.3444
3.3053,11.618,2.613,3.33,11.654,20.62910367,3.3053
3.322,11.589,2.596,3.33,11.654,20.63215238,3.322
3.3358,11.652,2.614,3.33,11.654,20.63629492,3.3358
3.328,11.612,2.608,3.33,11.654,20.62594433,3.328
3.3337,11.662,2.634,3.33,11.654,20.64015618,3.3337
3.324,11.572,2.613,3.33,11.654,20.64902277,3.324
3.3309,11.667,2.581,3.33,11.654,20.63092244,3.3309
3.3284,11.692,2.644,3.33,11.654,20.65519284,3.3284
3.3417,11.55,2.603,3.33,11.654,20.64510792,3.3417
3.3325,11.669,2.611,3.33,11.654,20.65030581,3.3325
3.3334,11.711,2.615,3.33,11.654,20.63342165,3.3334
3.3259,11.59,2.657,3.33,11.654,20.64854525,3.3259
3.3251,11.734,2.589,3.33,11.654,20.62908066,3.3251
3.3257,11.671,2.697,3.33,11.654,20.64890248,3.3257
3.3339,11.615,2.658,3.33,11.654,20.64171839,3.3339
3.3258,11.647,2.644,3.33,11.654,20.64553251,3.3258
3.3329,11.678,2.641,3.33,11.654,20.62824405,3.3329
3.3508,11.654,2.65,3.33,11.654,20.6310493,3.3508
3.3387,11.677,2.658,3.33,11.654,20.64597228,3.3387
3.3267,11.604,2.663,3.33,11.654,20.63051652,3.3267
3.342,11.658,2.663,3.33,11.654,20.64463206,3.342
3.3259,11.579,2.657,3.33,11.654,20.62632862,3.3259
3.3096,11.644,2.654,3.33,11.654,20.64848174,3.3096
3.3199,11.605,2.657,3.33,11.654,20.62767477,3.3199
3.3113,11.613,2.659,3.33,11.654,20.645523,3.3113
3.3265,11.712,2.688,3.33,11.654,20.64625631,3.3265
3.3302,11.705,2.68,3.33,11.654,20.63303228,3.3302
3.3468,11.68,2.612,3.33,11.654,20.64582027,3.3468
3.3333,11.595,2.686,3.33,11.654,20.64260442,3.3333
3.3278,11.634,2.679,3.33,11.654,20.63461158,3.3278
3.3383,11.711,2.678,3.33,11.654,20.62991445,3.3383
3.3079,11.657,2.673,3.33,11.654,20.62037374,3.3079
3.3324,11.766,2.706,3.33,11.654,20.6434965,3.3324
3.3377,11.67,2.705,3.33,11.654,20.62435197,3.3377
3.3152,11.66,2.673,3.33,11.654,20.64095344,3.3152
3.3414,11.635,2.699,3.33,11.654,20.63736552,3.3414
3.3334,11.657,2.674,3.33,11.654,20.64679143,3.3334
3.3258,11.642,2.669,3.33,11.654,20.63697955,3.3258
3.3363,11.685,2.686,3.33,11.654,20.63670552,3.3363
3.3527,11.698,2.719,3.33,11.654,20.64731871,3.3527
3.3318,11.611,2.723,3.33,11.654,20.64335058,3.3318
3.3325,11.583,2.717,3.33,11.654,20.64316156,3.3325
3.3254,11.558,2.724,3.33,11.654,20.64469268,3.3254
3.3215,11.675,2.722,3.33,11.654,20.62464428,3.3215
3.3383,11.595,2.701,3.33,11.654,20.64756789,3.3383
3.3214,11.542,2.725,3.33,11.654,20.64612469,3.3214
3.3307,11.669,2.735,3.33,11.654,20.62983317,3.3307
3.3252,11.775,2.737,3.33,11.654,20.6375592,3.3252
3.3348,11.65,2.748,3.33,11.654,20.63960693,3.3348
3.3333,11.692,2.741,3.33,11.654,20.63865503,3.3333
3.3404,11.654,2.737,3.33,11.654,20.6433386,3.3404
3.3249,11.645,2.754,3.33,11.654,20.65431367,3.3249
3.3273,11.696,2.734,3.33,11.654,20.65081767,3.3273
3.3202,11.635,2.72,3.33,11.654,20.62687781,3.3202
3.3256,11.663,2.737,3.33,11.654,20.6462207,3.3256
3.3338,11.666,2.728,3.33,11.654,20.65328933,3.3338
3.3376,11.617,2.732,3.33,11.654,20.64386809,3.3376
3.3208,11.7,2.745,3.33,11.654,20.6509098,3.3208
3.3387,11.641,2.734,3.33,11.654,20.6601227,3.3387
3.3436,11.612,2.747,3.33,11.654,20.6502371,3.3436
3.3341,11.677,2.717,3.33,11.654,20.64249309,3.3341
3.3488,11.605,2.762,3.33,11.654,20.65045088,3.3488
3.3223,11.651,2.761,3.33,11.654,20.64144888,3.3223
3.3176,11.65,2.747,3.33,11.654,20.64023903,3.3176
3.3122,11.704,2.779,3.33,11.654,20.63648586,3.3122
3.345,11.674,2.787,3.33,11.654,20.65563413,3.345
3.3365,11.649,2.739,3.33,11.654,20.63181571,3.3365
3.3294,11.691,2.758,3.33,11.654,20.65532368,3.3294
3.3328,11.72,2.761,3.33,11.654,20.64499864,3.3328
3.3187,11.678,2.76,3.33,11.654,20.62600694,3.3187
3.3545,11.651,2.798,3.33,11.654,20.64367649,3.3545
3.3313,11.584,2.78,3.33,11.654,20.61899973,3.3313
3.3311,11.597,2.781,3.33,11.654,20.64625508,3.3311
3.3373,11.635,2.749,3.33,11.654,20.64885231,3.3373
3.3348,11.62,2.804,3.33,11.654,20.63407644,3.3348
3.3322,11.641,2.769,3.33,11.654,20.64123548,3.3322
3.3221,11.653,2.798,3.33,11.654,20.65954157,3.3221
3.3347,11.676,2.805,3.33,11.654,20.63494253,3.3347
3.3488,11.646,2.829,3.33,11.654,20.62941092,3.3488
3.3435,11.674,2.778,3.33,11.654,20.65481663,3.3435
3.3459,11.653,2.746,3.33,11.654,20.65962587,3.3459
3.3249,11.551,2.813,3.33,11.654,20.64003696,3.3249
3.3201,11.603,2.848,3.33,11.654,20.65011463,3.3201
3.3287,11.643,2.839,3.33,11.654,20.65341476,3.3287
3.3306,11.59,2.821,3.33,11.654,20.63257516,3.3306
3.3409,11.68,2.81,3.33,11.654,20.63514694,3.3409
3.3131,11.727,2.838,3.33,11.654,20.65230875,3.3131
3.3453,11.711,2.805,3.33,11.654,20.65685014,3.3453
3.3284,11.639,2.837,3.33,11.654,20.64562881,3.3284
3.3257,11.725,2.84,3.33,11.654,20.63120186,3.3257
3.3199,11.657,2.854,3.33,11.654,20.65987061,3.3199
3.3135,11.633,2.89,3.33,11.654,20.63469029,3.3135
3.3382,11.619,2.846,3.33,11.654,20.63664862,3.3382
3.3307,11.635,2.83,3.33,11.654,20.64342338,3.3307
3.3171,11.631,2.842,3.33,11.654,20.6555416,3.3171
3.317,11.659,2.81,3.33,11.654,20.64853976,3.317
3.3266,11.658,2.834,3.33,11.654,20.64414866,3.3266
3.3467,11.65,2.842,3.33,11.654,20.64463289,3.3467
3.3274,11.672,2.843,3.33,11.654,20.64043515,3.3274
3.315,11.71,2.859,3.33,11.654,20.6455814,3.315
3.3275,11.697,2.842,3.33,11.654,20.6147044,3.3275
3.3273,11.576,2.883,3.33,11.654,20.63703393,3.3273
3.303,11.522,2.864,3.33,11.654,20.64241322,3.303
3.3295,11.697,2.866,3.33,11.654,20.62848986,3.3295
3.3277,11.582,2.862,3.33,11.654,20.64386323,3.3277
3.337,11.639,2.874,3.33,11.654,20.63795529,3.337
3.3485,11.591,2.89,3.33,11.654,20.65755476,3.3485
3.3413,11.56,2.859,3.33,11.654,20.6557302,3.3413
3.3273,11.677,2.866,3.33,11.654,20.63534194,3.3273
3.3189,11.688,2.875,3.33,11.654,20.63849162,3.3189
3.3557,11.621,2.857,3.33,11.654,20.63926052,3.3557
3.3306,11.52,2.87,3.33,11.654,20.63548341,3.3306
3.3301,11.623,2.88,3.33,11.654,20.64195025,3.3301
3.3298,11.67,2.909,3.33,11.654,20.63241718,3.3298
3.332,11.576,2.9,3.33,11.654,20.62869385,3.332
3.3286,11.659,2.901,3.33,11.654,20.64622711,3.3286
3.3243,11.649,2.917,3.33,11.654,20.6462953,3.3243
3.3245,11.679,2.899,3.33,11.654,20.63195684,3.3245
3.3297,11.656,2.913,3.33,11.654,20.64895355,3.3297
3.3246,11.601,2.905,3.33,11.654,20.63368422,3.3246
3.3229,11.71,2.915,3.33,11.654,20.64253165,3.3229
3.3311,11.642,2.901,3.33,11.654,20.64820344,3.3311
3.3275,11.649,2.866,3.33,11.654,20.63966387,3.3275
3.345,11.603,2.915,3.33,11.654,20.64454741,3.345
3.3035,11.628,2.949,3.33,11.654,20.6348357,3.3035
3.3409,11.606,2.941,3.33,11.654,20.63803533,3.3409
3.3425,11.641,2.945,3.33,11.654,20.63794141,3.3425
3.3093,11.736,2.953,3.33,11.654,20.63253422,3.3093
3.3266,11.581,2.932,3.33,11.654,20.63823226,3.3266
3.3263,11.569,2.937,3.33,11.654,20.62451382,3.3263
3.3159,11.724,2.923,3.33,11.654,20.63508846,3.3159
3.3222,11.64,2.932,3.33,11.654,20.63715125,3.3222
3.3189,11.617,2.953,3.33,11.654,20.6374382,3.3189
3.3475,11.702,2.967,3.33,11.654,20.63758503,3.3475
3.3394,11.62,2.943,3.33,11.654,20.63938236,3.3394
3.3427,11.741,2.939,3.33,11.654,20.64479442,3.3427
3.3372,11.684,2.951,3.33,11.654,20.64874517,3.3372
3.3187,11.626,2.966,3.33,11.654,20.63350235,3.3187
3.3248,11.758,2.927,3.33,11.654,20.62796799,3.3248
3.3349,11.62,2.913,3.33,11.654,20.62957956,3.3349
3.3178,11.687,2.95,3.33,11.654,20.63512797,3.3178
3.3371,11.665,2.94,3.33,11.654,20.63648079,3.3371
3.3276,11.715,2.956,3.33,11.654,20.63230004,3.3276
3.3263,11.728,2.966,3.33,11.654,20.62703883,3.3263
3.3371,11.652,2.963,3.33,11.654,20.63543879,3.3371
3.3344,11.612,3.003,3.33,11.654,20.64181427,3.3344
3.3264,11.673,2.983,3.33,11.654,20.64595029,3.3264
3.3416,11.616,2.985,3.33,11.654,20.63442577,3.3416
3.3192,11.751,2.994,3.33,11.654,20.63587002,3.3192
3.3362,11.657,2.962,3.33,11.654,20.63073302,3.3362
3.3359,11.632,3.008,3.33,11.654,20.63968561,3.3359
3.3269,11.659,2.988,3.33,11.654,20.63151571,3.3269
3.3333,11.583,3.006,3.33,11.654,20.64573128,3.3333
3.3175,11.601,2.973,3.33,11.654,20.62214134,3.3175
3.3392,11.71,2.966,3.33,11.654,20.6364037,3.3392
3.3282,11.617,3.016,3.33,11.654,20.64301107,3.3282
